condition,mean,std
control,0.6238095238095238,0.24394096674397997
exploit,0.6873015873015872,0.2525892802113205
explore,0.8777777777777778,0.1491311989848063
